Name,Phone,Company
Shaeleigh Lester,(471) 270-8577,Sit Amet Ultricies Institute
Chelsea Peck,(460) 975-2514,Libero At LLP
George Horton,(345) 516-3268,At Risus Nunc Limited
Winifred Maldonado,1-486-621-5437,Arcu LLP
Mariko Mercer,(254) 366-6590,Pretium Neque Corp.
Mark Moss,1-733-550-4232,Integer Inc.
Barrett Leach,1-188-168-6513,Egestas Lacinia Sed Foundation
Aphrodite Hardy,1-595-322-0261,Consequat Nec Mollis Ltd
Isabella Mason,1-316-470-8188,Ornare Elit Elit Corp.
George Mcdonald,1-517-738-9157,Ante Ipsum Inc.
Zena Potts,(360) 865-2651,Eu Elit Nulla Inc.
Chastity Burton,1-854-461-8273,Dui Nec Inc.
Hector Marks,(331) 831-5616,Lorem Auctor Foundation
Naomi Bell,(691) 919-8185,Egestas Urna Institute
Elliott Humphrey,1-521-472-1942,Diam Lorem Associates
Mason Mcintosh,(493) 164-1914,Vulputate Lacus Corp.
Nash Gentry,(772) 746-8846,Cursus A Consulting
Brian Craig,(478) 481-6896,Metus Limited
Bevis Gardner,(528) 651-1599,Sed Eu Ltd
Armand O'brien,1-489-459-3813,Placerat Limited
Finn Burke,(605) 387-1828,Justo Sit Amet Ltd
Fatima Zimmerman,(255) 206-6366,Odio Incorporated
Callie Wade,(774) 785-3466,Ipsum PC
Hedy Stephens,1-808-278-5310,Euismod Urna Consulting
Cassady Mcfarland,1-731-247-5891,Consequat Auctor Nunc LLP
Steel Owens,(272) 445-7446,Nibh LLC
Herman English,(313) 655-1591,Mi Fringilla Corp.
Yuli Smith,1-777-896-8211,Ultrices Mauris Corp.
Plato Ortega,1-835-703-1621,Convallis LLC
Brendan Lewis,(648) 731-3274,At Augue Id Ltd
Maggie Rowland,(114) 655-6858,Donec Inc.
Claudia Nichols,(239) 246-7284,Nulla Tincidunt Consulting
Geraldine Koch,1-813-537-8002,Convallis Industries
Riley Glenn,(432) 725-3163,Metus Sit Ltd
Karleigh Humphrey,1-454-877-4460,Donec Elementum Associates
Yetta Morrison,(156) 134-7760,Ante Associates
Harriet Logan,1-803-728-6634,Eu Odio Ltd
Kaitlin Curry,(667) 839-6934,Ut Industries
Kathleen Heath,(628) 325-1344,Amet Risus Donec Industries
Desiree Poole,1-377-406-7772,Neque Sed Dictum Corporation
Aladdin Curtis,1-756-872-6370,In Molestie Corporation
Selma Potter,1-324-875-0726,Quisque Porttitor LLP
Simon Jimenez,(410) 415-4537,Consequat Company
Hyacinth Fernandez,(742) 818-6998,Quis Massa Incorporated
Madeson Erickson,(474) 684-8276,Erat Sed Nunc Ltd
Kyla Davenport,1-491-632-1866,Nec Tempus Mauris PC
Salvador Adams,(457) 421-2576,Consequat Lectus Corporation
Garrett Jacobs,(442) 587-8384,Vitae Nibh LLP
Kareem Coffey,(232) 345-1641,A Neque Nullam Incorporated
Harriet Montoya,(689) 278-4395,Eu Eleifend Nec Limited
Beverly Salinas,1-255-673-8599,Scelerisque Mollis Phasellus Consulting
Guy Clemons,(399) 645-2478,Tempus Risus Inc.
Caldwell Murphy,1-581-713-7268,Risus Varius Corp.
Herman Noel,(219) 815-5682,Cras Eu Tellus PC
Serina Mason,(828) 823-6117,Id Libero Donec Industries
Harper Brennan,1-224-358-7801,Aenean Incorporated
Maxwell Cooper,(180) 649-6267,Est Nunc Corp.
Kitra Ellison,(656) 931-5779,Quisque Ornare Limited
Charde Stephenson,(109) 438-4574,Eget Tincidunt Corp.
Kylynn Trujillo,1-317-741-7145,Neque Tellus Imperdiet Institute
Cameron Santana,(828) 335-5856,Congue In Scelerisque Inc.
Seth Powell,1-569-306-5588,Consectetuer Adipiscing Foundation
Derek Joyner,(538) 544-6385,Egestas Fusce Associates
Nevada Strong,(699) 400-4499,Purus Accumsan Foundation
Dennis Powell,(113) 681-4885,Facilisis Lorem Ltd
Carissa Walton,(594) 365-1644,Mauris Sit Amet Company
Leo Short,1-244-328-7878,Nulla Foundation
Keelie Kramer,(643) 524-8521,Sed Sapien Nunc PC
Emmanuel Dejesus,(752) 614-8786,Ipsum Inc.
Aladdin Sargent,(230) 778-4206,Nam Tempor Corporation
Armand Cline,(508) 432-3217,Tempor Lorem Eget Industries
Barrett Ramirez,1-826-300-3457,Quam Elementum At Associates
Victor Hurst,(644) 634-7726,Mauris Sagittis Placerat LLC
Adena Oneal,1-520-316-2243,Montes Nascetur Foundation
Dominic Barber,1-923-781-3216,Suspendisse Ac Associates
Madeline Washington,1-943-283-4472,Amet Risus Foundation
Mariko Cannon,1-193-314-1624,Porttitor Scelerisque LLC
Lacy Martinez,1-225-472-5128,Dolor Sit Industries
Odette Booth,(835) 246-0822,Purus In Molestie Company
Iliana Clayton,1-231-361-7628,Tincidunt Vehicula Industries
Darryl Rollins,(783) 691-6355,Accumsan Interdum PC
Mark Kramer,1-556-613-5810,Dui Semper PC
Hop Jacobs,1-543-208-6732,Erat Vitae Corporation
Amena Sears,(882) 357-7243,Ac Mattis LLC
Wing Burns,(161) 724-3025,Diam Nunc Associates
Keane Harvey,(881) 115-6362,Proin Vel Nisl LLP
Moses Sparks,(745) 454-0972,Eu Consulting
Elmo Macias,1-922-430-2566,Et Limited
Carson Lindsey,(144) 384-7450,Lectus Justo Eu PC
Ignacia Kaufman,1-844-853-4432,Velit Eu Associates
Jonas Stein,1-618-202-8578,Nulla Interdum PC
Buckminster Lowe,1-986-554-8761,Aliquet LLC
Warren Padilla,(215) 201-0359,Donec Tempor Est Institute
Abraham Austin,1-763-622-4373,Odio Auctor Institute
Camilla Nicholson,(266) 396-9721,Egestas A Scelerisque Inc.
Cassandra Mcclure,(266) 561-8294,Amet Ltd
Jillian Eaton,1-221-731-3566,Lobortis Consulting
Yasir Bernard,(829) 235-5195,Pede Praesent Corp.
Zelda Carrillo,(231) 431-4205,Nibh Associates
Xander Barnes,1-444-568-8551,Et Magnis Incorporated
Lee Mcconnell,1-638-456-2923,Eleifend Nec Malesuada Corp.
Michelle Pace,(746) 957-0958,Praesent Interdum Corporation
Paki Sweeney,(246) 577-6148,Eu Nulla At Incorporated
Hyatt Santana,1-790-581-7266,Nisl Quisque LLP
Jolene Martinez,(882) 732-4984,Ipsum Nunc Id Corp.
Quemby Santiago,(885) 260-8506,Sociis Corp.
Yasir Shaffer,(343) 378-4388,Semper Pretium Foundation
Jamalia Parsons,1-841-419-4158,Eu Tempor LLC
Briar Maddox,1-664-377-1195,Placerat Orci Foundation
Byron Mcintyre,1-382-761-4316,Euismod Mauris Eu Ltd
Victoria Robertson,1-840-927-8517,A Industries
Blake Gibbs,1-691-492-5918,Commodo Auctor Velit Industries
Rashad Melendez,1-544-591-1175,In Lobortis LLP
Plato Mcmillan,(465) 663-5331,Tempus Eu Limited
Martina Blankenship,(420) 815-7165,Phasellus Fermentum Ltd
Thor Morris,(112) 884-5353,Sapien Cursus Foundation
Brady Benjamin,1-317-228-4316,Sem Vitae Aliquam LLC
Kenyon Browning,1-508-184-4287,Nec Industries
Malcolm Britt,(208) 552-2064,Eu Metus In Corp.
Branden Mcpherson,1-486-926-8569,Aliquam Foundation
Sasha Shannon,(922) 437-5235,Lorem LLC
Leilani Burton,1-761-675-3507,A Enim Foundation
Jael Copeland,1-396-922-3588,Sodales Incorporated
Reece Valentine,(551) 379-9438,Metus LLP
Elvis Bridges,(471) 887-2286,Nascetur Ridiculus Limited
Robert Espinoza,(586) 271-3853,Interdum Feugiat Corp.
Uta Estes,1-513-627-8223,Semper Incorporated
Steven Young,(522) 471-2378,Tristique Aliquet Inc.
Beck Greer,1-595-435-5724,Lorem Sit Incorporated
Brenda Alvarado,(344) 335-6782,Non Sollicitudin Consulting
Reese Sparks,1-696-376-2758,Primis In Incorporated
Aileen Franklin,1-166-648-8011,Cursus Et Eros Institute
Macon Bradley,1-326-394-5667,Amet Inc.
Georgia Hatfield,1-617-928-6343,Cursus Ltd
Dai Bradshaw,(364) 646-5518,Egestas Ligula Nullam Inc.
Holmes Valdez,1-341-262-7534,Sit Amet PC
Bethany O'connor,1-475-672-3771,Eros Proin LLP
Isabella Williamson,(211) 441-3442,Integer In Magna PC
Knox Oneil,(127) 549-2688,Augue Ltd
Chester Mendoza,1-182-447-4410,Cras Vehicula Aliquet Inc.
Chancellor Lyons,1-473-626-3121,Tristique Senectus LLC
Ryan Sweeney,(833) 247-6281,Est Nunc LLP
Ivor Martin,(171) 700-5827,Euismod Et Consulting
Samuel Guzman,1-866-127-3454,Rutrum Urna LLC
Hashim Odom,1-869-374-7207,Orci Donec Incorporated
Mason Cochran,(524) 811-4276,Sed Molestie Industries
Sydney Chase,1-235-574-8855,A Dui Industries
Josephine Walls,(242) 386-0853,Feugiat Metus Sit LLP
Denise Malone,(782) 428-1813,Velit Egestas LLC
Cathleen James,1-562-803-0070,A Mi PC
Francesca Murray,(555) 781-4953,Ac Foundation
Clark Hayden,(376) 571-6761,Leo Elementum LLP
Blossom Dale,(265) 442-2699,Mus Ltd
Dominique Watkins,(785) 535-3688,Magna Cras Foundation
Vielka Noble,(249) 337-5312,Curae LLP
Xander Burris,1-629-598-8853,Penatibus Et Magnis PC
George Horne,(625) 766-8155,Elit Sed Consulting
Francesca Koch,(768) 771-1753,Quis Lectus Ltd
Iliana Sawyer,(285) 977-4328,Enim LLP
Maisie Hardin,(171) 507-1914,Mi Aliquam Gravida Inc.
Eleanor Luna,1-646-325-4294,Tincidunt Nibh LLP
Thaddeus Conrad,1-433-894-5497,Semper Dui Lectus Corp.
Micah Atkins,(608) 148-7755,Suspendisse Limited
Inez Gomez,1-651-434-6479,Lorem Eget Mollis Ltd
Gretchen Rodgers,1-374-431-2575,A Aliquet Corporation
Ruth Wyatt,(968) 601-8554,Tempor Arcu Vestibulum Consulting
Kathleen Robinson,1-653-362-8231,Gravida Mauris Ut Institute
Holmes Cameron,1-535-846-1160,Maecenas LLP
Slade Bradshaw,(536) 215-7114,Nec Tempus LLC
Autumn Wooten,(635) 732-8256,Nisl Limited
Veronica Holloway,(167) 861-6877,Sed Eu Corp.
Britanni Hoover,1-354-595-7972,Ac Foundation
Kristen Dejesus,(154) 467-4626,Sagittis Lobortis Consulting
Quyn Good,(255) 303-9434,Ipsum Consulting
Elijah Wilson,1-851-478-9186,Neque Et Institute
Imogene Church,1-917-322-0776,Lectus Quis Limited
Fay Lowe,(325) 688-8557,Malesuada Fringilla Industries
Ralph Hull,1-476-841-6833,Vitae Erat Ltd
Mariko Hunt,1-627-538-8573,Lectus A Corp.
Caleb Singleton,1-486-841-1925,Pede Cras Limited
Angelica Conner,1-761-830-2525,Diam Nunc Foundation
Michael Ellis,(683) 235-3585,Aliquam Company
Dominic Greer,1-387-626-7273,Aliquam Eu Associates
Brianna Levy,1-667-851-8545,Non Leo Consulting
Jackson Jensen,1-962-257-8651,Malesuada LLC
Leo Phillips,(306) 830-0579,Non Magna Industries
Gwendolyn Curtis,(756) 216-5653,Ullamcorper Duis Cursus LLC
Patricia Byers,(657) 523-1727,Non Company
Chadwick Bell,(993) 931-9635,Et Malesuada Corporation
Chaim Harris,1-813-810-2769,Arcu Vestibulum Ante Industries
Priscilla Blanchard,(706) 824-6486,Risus At Associates
Roanna Petty,(746) 774-3244,Nulla Inc.
Kaseem Herrera,1-481-508-3564,Magna A Neque Corp.
Tad Mercado,1-452-356-8733,Ligula Aliquam Erat Ltd
Ray Short,(595) 642-6354,Purus Industries
Isaiah Ferguson,1-848-167-3938,Vivamus Nibh Limited
Harriet Fletcher,1-352-259-7152,Duis Cursus Company
Hasad Willis,(817) 912-3713,Massa Quisque Limited
Mercedes Daniels,(877) 338-1818,Aliquet Lobortis Nisi Foundation
Burton Ryan,(469) 355-0406,Fames Ac Inc.
Sara Norton,(547) 216-2188,Mi Corporation
Kelly Mcdaniel,(346) 775-5684,Quis Urna Inc.
Fulton Douglas,1-836-452-6167,Feugiat Non Lobortis Company
Katell Hubbard,(174) 677-5417,Porttitor Eros Consulting
Deborah Cobb,(460) 255-4615,Ipsum Donec Sollicitudin Industries
Deirdre Webb,1-303-238-7168,Nullam Feugiat Inc.
Matthew Beck,1-441-202-6403,Augue Corporation
Donna Rowe,(547) 292-7177,Non Sollicitudin PC
Savannah Campos,1-762-415-5846,Sit Amet Foundation
Isadora Fitzgerald,(523) 760-8672,Adipiscing Elit Limited
Darius French,(847) 245-7147,Lacinia Mattis Integer Industries
Alexa Tate,(419) 694-1837,Phasellus Elit Corporation
Linus Herring,1-217-348-5133,Nonummy Ultricies Ornare Inc.
Alma Wynn,1-738-162-5364,Egestas Associates
Brady Conrad,1-336-192-3774,Laoreet Ipsum Institute
Melinda Sparks,(371) 363-2136,Neque Corporation
Katelyn Lopez,(941) 571-6802,Nibh Enim Industries
Jin Graves,1-225-693-3065,Ornare Fusce Ltd
Forrest Howe,(222) 446-6818,Donec Dignissim Magna LLC
Brennan Velasquez,1-531-182-2707,Nostra Per Associates
Gemma Chavez,1-825-720-6183,Suscipit Industries
Barrett Ayers,(945) 695-3128,In LLP
Valentine Jimenez,(873) 574-7677,Egestas Hendrerit LLC
Caesar Charles,1-958-998-8133,In Hendrerit Consectetuer LLP
Damon Mcbride,(693) 289-4866,Eget Corporation
Hilel Morin,(881) 253-3268,Parturient Montes Nascetur Consulting
Brock Nielsen,1-426-242-1716,Ipsum Suspendisse Associates
Charles Moss,(656) 247-5182,Nunc Mauris Morbi Incorporated
Hasad Montgomery,1-503-943-8156,A Enim Industries
Merrill Leblanc,(963) 371-5354,Dignissim Corp.
May Bullock,1-445-622-8113,At Associates
Richard Dalton,(692) 254-3503,Eu Eros LLP
Garth Jackson,1-854-544-2652,A Felis Ullamcorper Consulting
Brent Poole,1-631-946-1165,Aliquam Ornare Libero Corp.
Zelda Kemp,1-314-832-1408,Mauris Morbi Ltd
Christine Hendricks,1-439-753-5798,Augue Ac Industries
Shana Craig,1-843-986-6904,Ipsum Phasellus Vitae Incorporated
Dexter Watson,1-157-898-3457,Dictum Eu Placerat Consulting
Stephanie Burch,(737) 450-6366,Vivamus Nibh Inc.
Igor Ball,(177) 497-6763,Donec Egestas Ltd
Quinlan Chen,1-623-788-2381,A Mi Fringilla Associates
Zane Rhodes,1-336-133-2714,Orci Adipiscing Non Inc.
Ferdinand Burnett,(171) 403-9557,Nec Quam Consulting
Arsenio Fisher,1-397-248-7933,Enim Nunc Incorporated
Kaye Foreman,(753) 277-7757,Aliquam Enim Nec Incorporated
Orlando Mcdaniel,1-368-824-1864,Habitant Inc.
Denise Freeman,1-274-692-3915,Metus Aliquam Erat LLC
Ian Dixon,1-354-867-5805,Pede Sagittis LLC
Aaron Fuller,(828) 745-3418,Varius Orci In Corp.
Drake Mays,(652) 691-7460,Arcu Aliquam Corp.
Derek Kinney,1-874-817-6594,Fermentum LLC
Leah Lynn,1-430-626-3445,Eget Magna Associates
Priscilla Shelton,(726) 362-7941,Interdum Nunc Corp.
Louis Trujillo,1-373-950-9521,Tincidunt Adipiscing Corp.
Forrest Contreras,(125) 348-5632,Sagittis PC
September Reese,(345) 416-5500,Interdum Enim Non Inc.
Kylee Vincent,1-381-224-1212,Ornare Tortor At Inc.
Alisa Lynch,1-136-561-5572,Orci PC
Caesar Baldwin,1-775-676-6508,Dui Suspendisse Corp.
Paki Dudley,(120) 622-8782,Ac Consulting
Jasper Cruz,(815) 748-8627,Feugiat Metus Sit Incorporated
Jemima Doyle,(617) 985-3807,Magna Sed Incorporated
Indigo Joyce,1-732-772-5723,Velit Cras Lorem Limited
Solomon Jacobs,(436) 352-8586,Egestas Aliquam Company
Tallulah Massey,(846) 693-5878,Dictum Phasellus Ltd
Ralph Sandoval,(331) 164-3884,Leo In Ltd
Emmanuel Rogers,(507) 560-2342,Convallis Ligula Donec Institute
Warren Marshall,1-584-151-2352,Vel Foundation
Malcolm Woodward,(322) 889-2012,Sociosqu Ad Company
Maxwell Molina,1-213-323-1688,Et Rutrum Institute
Karleigh Ware,1-745-744-9836,Pharetra Nibh Ltd
Adam Stark,(841) 838-7754,Eget Varius Corp.
Steven Alvarez,1-820-831-8553,Ipsum Cursus PC
Alyssa Clay,1-582-534-9578,Lobortis Quam Foundation
Kristen Maxwell,(938) 677-2215,Lacus Quisque Corporation
Michael Morgan,1-258-872-2285,Justo Eu Institute
Evangeline Morse,(883) 448-7844,A Neque Corporation
Unity Finch,(885) 321-4582,Amet Consulting
Althea Terry,(231) 246-3551,Maecenas Malesuada Fringilla Limited
Cain Browning,(489) 334-1384,Integer Mollis Integer LLC
Evan Miles,1-324-661-5051,Ipsum Nunc LLC
Knox Wood,1-882-545-2912,Eget Tincidunt Corporation
Oliver Marks,(610) 728-3828,Aliquet Nec Ltd
Ava Ware,1-434-235-2871,Ultricies Ligula Nullam LLC
Lacey Cotton,(342) 721-6683,Eu Arcu Consulting
Elijah Armstrong,(470) 561-5788,Metus LLC
Clare Herring,(345) 840-6463,Quisque Ltd
Daphne Fletcher,1-928-612-5637,Non Leo Industries
Jermaine Farrell,(655) 828-8112,Mollis PC
Kevin Franklin,(764) 149-4608,Est Tempor Bibendum Incorporated
Madaline Hansen,(955) 458-7126,Euismod Corporation
Benjamin Carson,(858) 705-1156,Convallis Erat Eget Foundation
Odessa Mckinney,(512) 328-6115,Facilisis Suspendisse Institute
Lyle Peterson,1-223-268-0300,Integer Sem Limited
Breanna Bridges,(250) 546-9005,Ut Lacus LLC
Samantha Gonzalez,(542) 753-8616,Accumsan Ltd
Stone Joyner,1-482-531-5628,Ridiculus Consulting
Lee Solis,(347) 829-3322,In Associates
Camden Beard,1-254-421-3788,Aliquam Adipiscing Corp.
Hadley Schmidt,1-488-759-8157,Enim Corp.
Nell Dalton,1-818-611-4857,Ipsum Sodales Incorporated
Nehru Burch,(973) 414-5676,Molestie Sed Id Corp.
Zephr Jarvis,(962) 983-8056,Nulla Interdum Ltd
Dolan Doyle,1-264-728-6138,Nulla Ltd
Shelley Blackburn,(370) 573-1223,Gravida Praesent Eu Foundation
Beck Kirk,(543) 347-3084,Sem Elit Industries
Lara Nieves,(703) 512-6178,Vitae Associates
Hunter Morton,(457) 571-8610,Mauris Molestie Limited
Jin Santiago,1-301-656-2641,Eget Corp.
Lael Osborne,(867) 524-4380,Eget Dictum Placerat Inc.
Aurora Mack,(772) 248-9374,Dictum Placerat Incorporated
Yoko Guerra,(564) 851-1607,Quam Vel Sapien LLC
Merritt Pierce,1-776-754-1777,Pede Institute
Tanya Bradshaw,(486) 678-3977,A Mi Company
Lillian Mckinney,(119) 488-8681,Lectus Cum Associates
Scarlet Kirby,1-771-258-8802,Aliquet Nec Institute
Anastasia Joyce,1-922-235-0035,Tempor Diam Dictum LLC
Hall Farrell,1-403-204-7819,Turpis Egestas LLP
Alec Hart,(518) 818-6792,Mollis Vitae Institute
Mufutau Wilkinson,1-646-299-4912,Dapibus Foundation
Brent Hester,(287) 824-4643,Cum Institute
Yuri Malone,(384) 635-1952,Libero LLP
Ignatius Norman,1-633-667-6512,Ad Litora Torquent Institute
Dara Burke,(553) 265-4483,Sed Eget Lacus Limited
Madeson Barnes,(356) 343-6580,Ac Turpis Incorporated
Violet Blackburn,1-538-956-1021,Dis Parturient Montes Incorporated
Melissa Short,1-799-605-5232,Morbi Inc.
Hunter Sutton,(712) 828-6470,Gravida Sagittis Corp.
Nathaniel Guerrero,1-414-549-6630,Mi Limited
Lael Curry,1-661-513-9578,Vitae Aliquet Institute
Garth Trujillo,(894) 527-1443,Dapibus Rutrum Industries
Sybil Jenkins,(375) 251-2524,Placerat Velit LLP
Ebony Frank,1-231-907-2347,Nam Foundation
Evan Hubbard,1-307-875-5440,Aliquam Consulting
Giselle Boyer,(887) 234-3752,Egestas Aliquam PC
Ryan Baker,(622) 834-5120,Arcu Morbi Sit Corp.
Jessica Guy,1-262-637-2214,Cras Dictum Associates
Edward Justice,(671) 316-7869,Nunc Lectus Ltd
Galvin Bright,(938) 913-1848,Elit Pede Consulting
Chava Ruiz,(132) 547-1924,Diam Dictum Corp.
Xyla Rosario,(668) 250-2915,Sociis Natoque Corporation
Dorian Huber,1-498-266-1345,Sed Nunc Limited
Acton Campos,1-642-274-2435,Sem Ut Dolor Associates
Alea Noel,(571) 734-4224,Mollis Phasellus Associates
Quinn Warner,(141) 158-7885,Urna Convallis Consulting
Allegra Rhodes,(301) 765-2862,Ipsum Sodales Purus Corporation
Vera Cash,(386) 588-6068,Praesent PC
Aiko Ingram,1-545-103-8264,Nibh Vulputate LLC
Abbot Owen,1-600-133-1574,Et Nunc Inc.
Andrew Riggs,(272) 467-5132,Sem LLP
Camilla Wallace,1-676-787-8014,Nunc Institute
Joan Anthony,(207) 496-2007,Vehicula Associates
Keane Sanders,(155) 871-3552,Egestas Rhoncus Corp.
Samantha Figueroa,1-610-480-2333,Ut Sem Inc.
Indigo O'brien,(230) 523-4667,Et Malesuada Inc.
Autumn Ray,(461) 185-2341,Arcu Institute
Ginger Franklin,(934) 476-6274,Placerat Institute
Castor Silva,1-674-608-2224,Nascetur Industries
Ryan Moody,(638) 883-8444,Torquent Per Conubia Industries
Cassady Rutledge,1-219-402-7759,Posuere Enim Industries
Rylee Jones,(213) 576-4360,Enim Sit Corp.
Keegan Hammond,1-231-863-0756,Faucibus Orci Luctus Corp.
Shelley Wilder,1-253-172-1262,Eros Proin Ltd
Alexis Alvarado,1-219-725-8263,Sed Hendrerit Associates
Martina Simon,1-543-852-4021,Euismod Consulting
Ivor Barrera,1-826-708-6584,Risus In Institute
Avram Diaz,1-681-692-7241,Nunc Sollicitudin LLC
Jenette Goodman,1-885-372-3968,Est Tempor Ltd
Xena Dennis,1-455-785-5186,Integer Associates
Colin Farrell,1-512-237-7468,Hendrerit Consectetuer PC
Alfreda Dillon,(107) 711-7147,Nunc Inc.
Marah Ford,1-657-308-6733,Ante Ipsum Primis Institute
Whilemina Navarro,(126) 748-2849,Sit Amet Nulla Corporation
Caesar Campos,(767) 624-6743,Parturient Limited
Kyle Campos,(612) 987-2346,Enim Non Limited
Hayes Haney,1-570-548-9928,Dignissim Maecenas Ornare Corporation
Aristotle Villarreal,1-283-645-3176,Fringilla Porttitor Industries
Neve Glass,(154) 700-1627,Et Netus Associates
Kamal Terrell,1-815-447-0102,Duis LLC
Hillary Mercer,(445) 449-1988,A Aliquet Vel Company
Fletcher Mclean,1-557-525-8325,Dui Lectus Foundation
Ingrid Yang,(241) 762-6494,Dis Parturient Institute
Alice Hurst,(324) 345-4486,Pede Suspendisse Dui Inc.
Yasir Mcclain,(619) 925-6915,Lobortis Risus LLC
John Bradshaw,1-470-513-8718,Et Commodo PC
Hakeem Ayala,1-340-543-9517,Vitae Foundation
Ina Brock,1-982-301-0452,Et Foundation
Trevor Neal,1-515-357-3314,Nisl Elementum Institute
Uriah Barron,1-691-312-2814,Convallis Erat Company
Amir Cohen,1-795-717-0717,Nulla Tincidunt Neque Consulting
Ronan Boyer,(844) 631-9811,Eleifend Nunc Incorporated
Troy Armstrong,1-728-892-6964,Dolor Fusce Mi Industries
Kirby House,(122) 437-5744,Justo Foundation
Axel Delaney,1-582-326-3713,Feugiat Non Associates
Griffin Collier,1-171-260-9391,Adipiscing LLC
Thor Bray,1-233-805-8436,Eu Euismod Ac Consulting
Karyn Lester,1-881-751-9082,Tristique Company
Melinda Cantu,1-353-681-3100,Lorem Corp.
Cameran Summers,1-612-226-7278,Eget Tincidunt Dui Inc.
Colt Doyle,1-927-224-7101,Dui In Incorporated
Dalton Nelson,(786) 148-8972,In Hendrerit Consectetuer PC
Nita Norton,1-921-805-7966,Ante Inc.
Lynn Mclean,1-703-333-4846,Eu Sem Corp.
Quemby Mcdonald,1-462-356-4154,Ullamcorper Company
Tad Hahn,1-345-991-8404,Vel Corp.
Bruno Shannon,1-293-625-1616,Consectetuer Mauris Incorporated
Robert Sellers,1-234-286-1870,Convallis Corporation
Teegan Ford,(319) 884-6161,Gravida Sagittis LLP
Jordan Young,1-249-633-2392,Felis Purus Ac LLC
Brenda Becker,1-804-898-4526,Duis LLP
Yolanda Nielsen,1-890-697-8148,Suspendisse Eleifend Institute
Edan House,(928) 538-2944,Sed Malesuada Consulting
Haley Keller,1-822-995-2830,Adipiscing Elit Foundation
Alma Nolan,1-483-287-2648,Mi Fringilla Mi Ltd
India Noel,(343) 876-9935,Ac Turpis Foundation
Bradley Harmon,(573) 580-5461,Quisque Porttitor Eros PC
Arden Clayton,1-652-926-6847,Duis PC
Rhea Torres,(211) 549-5535,Semper Erat In Corp.
Jana Mcmillan,(574) 616-1057,Fusce LLC
Keith Odom,1-765-439-4629,Nec Corporation
Deacon Thompson,(871) 313-4988,Orci Ut Institute
Moana Pratt,1-480-844-1530,Parturient Montes Nascetur Inc.
Tatum Bradford,(452) 865-4425,Phasellus At Incorporated
Darryl Wright,(262) 560-6821,Gravida Sagittis LLP
Irene Ayers,(982) 903-6033,Scelerisque Lorem Inc.
Danielle Hensley,(848) 376-4263,Et Malesuada Fames Incorporated
Buffy Hurst,1-467-513-2783,Ultrices Associates
Hannah Hubbard,(784) 255-9169,Convallis PC
Judith Dean,1-266-923-3808,Massa Non LLP
Brian Mccarthy,(815) 301-7877,Ut Sem Nulla Limited
Ryan Valencia,(272) 662-8779,Ipsum PC
Odette Noel,1-283-354-2174,Lobortis Tellus Foundation
Alfreda Snow,(555) 497-8362,Vitae Orci Phasellus LLC
Coby Carpenter,(835) 374-5822,Magna A Tortor Ltd
Britanni Holcomb,1-218-751-5668,Mauris Corporation
Rachel Lawrence,(445) 166-3111,Nonummy Ipsum Corp.
Ifeoma Raymond,(886) 735-0818,Tincidunt Tempus Risus Incorporated
Adrian Bright,(767) 548-2241,Aliquam Ultrices Iaculis Corporation
Kennan Leach,(563) 629-3849,Donec PC
Harding Kennedy,1-889-601-1103,Sit Amet Luctus Institute
Gray Paul,(652) 889-4094,Ligula Associates
Dai Franco,1-786-205-0242,Nisi Sem LLP
Shea Mercado,(865) 483-6114,Lectus Convallis Incorporated
Francesca Love,(507) 723-8158,Phasellus Inc.
Jasper Stevens,1-861-894-5504,Donec Industries
Justina Gilbert,(522) 413-8708,Mauris Sapien Industries
Anne Norris,1-409-843-6740,Elit Pharetra Ut Ltd
Uriah Hill,1-923-224-4605,Integer Id LLC
Thomas Floyd,1-757-264-1838,Dolor Fusce Feugiat Incorporated
Chiquita Stevens,(334) 402-8139,Sagittis Lobortis LLC
Jescie Holmes,(126) 323-3749,Mauris Magna Duis Inc.
Tashya Maldonado,(757) 534-8410,Eros Associates
Harrison Welch,(449) 842-5775,Orci In Corp.
Ivory Christensen,1-761-564-4216,A Tortor Consulting
Dana Richards,(893) 912-9773,Proin Ultrices Industries
Kane Rasmussen,1-343-556-3557,Aliquam Adipiscing PC
Joseph Mills,(655) 403-6814,Ligula Associates
Amery Flowers,(258) 474-5953,Nec Urna PC
Baxter Skinner,1-258-470-8764,Non Industries
Richard Horton,1-317-873-3375,Molestie LLC
Lacota Whitaker,1-784-685-6477,Et Inc.
Zephania Stein,(184) 894-2054,Nisl Maecenas Institute
Oleg Irwin,(335) 814-0637,Pellentesque Incorporated
Sawyer Herman,1-460-712-2287,Nonummy Ipsum Non PC
Jamal Leblanc,1-783-922-5621,Enim Sed Ltd
Jillian Curtis,(476) 837-6165,Risus Morbi Incorporated
Pandora Kinney,(298) 882-3245,Velit Pellentesque LLP
Quyn Mendez,(808) 727-4784,Dolor Industries
Merritt Johnson,1-369-711-7441,Nulla Ante LLC
Lareina Caldwell,(118) 142-3167,Nam Interdum Incorporated
Rahim Hicks,(730) 277-6087,Ipsum Curabitur Industries
Donovan Meadows,(621) 322-4846,Semper Pretium Corp.
Camilla Bridges,(919) 463-4606,Fusce Fermentum Institute
Finn Caldwell,1-376-892-8143,Arcu Curabitur Corporation
Kasimir Mcbride,(675) 725-9737,Risus Limited
Chaim York,1-472-305-2866,Elit Aliquam Corp.
James Branch,1-548-621-0917,Ipsum Primis Ltd
Kieran Leonard,1-761-253-3169,Vestibulum Lorem Limited
Tyrone Rivera,(467) 424-8788,Sed LLC
Damon Mayer,1-209-738-0475,Nunc Incorporated
Adara Wooten,(104) 335-5074,Neque Venenatis Lacus Foundation
August Nunez,1-335-432-6452,Cursus Et Inc.
Sopoline Cameron,1-798-359-2169,Ligula Inc.
Alisa Carr,1-392-626-4578,Mi LLC
Nerea Mckee,(225) 411-8477,Donec Dignissim Magna Incorporated
Odessa Haney,1-316-484-7132,Lorem Vitae Consulting
Alexander O'donnell,1-283-141-7852,Sit Incorporated
Davis Brown,(726) 562-4211,Vitae Aliquam Eros Associates
Leandra Brown,(277) 795-8884,Tortor Foundation
Joshua Warner,1-618-722-7127,Donec Non Justo Corp.
Hector Price,(764) 967-5566,Mauris Sagittis Industries
Donovan Moreno,(466) 253-4167,Dolor Quisque PC
Dante West,(186) 448-3571,Turpis Associates
Jakeem Vega,1-582-273-3558,Tincidunt Congue Turpis Industries
Hadley Curtis,1-854-726-7487,Dui In Industries
Lenore Elliott,(864) 160-2428,Nullam Velit Foundation
Adena French,(455) 746-0622,Orci Corporation
Elijah York,(761) 621-5848,Gravida Ltd
Matthew Cooke,1-448-928-6684,Lacus Etiam Ltd
Rhiannon James,1-729-938-7214,Aliquet Metus LLP
